{"train loss": 0.9620134234428406, "step": 38, "epoch": 1, "_timestamp": 1751631227.679926, "_runtime": 176.1636929512024, "_step": 37, "_wandb": {"runtime": 177}}